unchanged,2018-04-06 16:35:40,TT,false,,devspz008.unix.sample.org
unchanged,2018-04-06 16:35:40,PX,false,,devspsr130.unix.sample.org
unchanged,2018-04-06 16:35:34,PX,false,,devscms104.unix.sample.org
unchanged,2018-04-06 16:35:33,TT,false,,devsspz015.unix.sample.org
unchanged,2018-04-06 16:35:33,PX,false,,devspdj130.unix.sample.org
unchanged,2018-04-06 16:35:31,TT,false,,devsspz009.unix.sample.org
unchanged,2018-04-06 16:35:30,PX,false,,qatecop401.unix.sample.org
unchanged,2018-04-06 16:35:30,PX,false,,tstitmx002.unix.sample.org
unchanged,2018-04-06 16:35:30,TT,false,,qatparpxx0005.unix.sample.org
unchanged,2018-04-06 16:35:25,TT,false,,qatspmp120.unix.sample.org
unchanged,2018-04-06 16:35:19,PX,false,,tstsisp222.unix.sample.org
unchanged,2018-04-06 16:35:19,PX,false,,devoidu120.unix.sample.org
unchanged,2018-04-06 16:35:17,TT,false,,pelspdm210.unix.sample.org
unchanged,2018-04-06 16:35:16,PX,false,,qatspcm110.unix.sample.org
unchanged,2018-04-06 16:35:16,TT,false,,reppaggsx001a.unix.sample.org
unchanged,2018-04-06 16:35:16,TT,false,,tstsfha101.unix.sample.org
unchanged,2018-04-06 16:35:15,TT,false,,qatparpxx0001.unix.sample.org
unchanged,2018-04-06 16:35:14,PX,false,,qatsplt120.unix.sample.org
unchanged,2018-04-06 16:35:14,PX,false,,reppaggsx001b.unix.sample.org
